DrugID	TargetID
D0J2UW	T86679
D0F5NJ	T83813
D0F5NJ	T32060
D0F5NJ	T31204
D0S8RD	T51408
D0J2UW	T77365
D0H5FI	T58921
D0PO7F	T58921
D0B7QP	T27944
D0E8CZ	T51408
D09AOO	T28893
D03OSG	T36557
D06FKC	T78709
D06FKC	T07806
DBND71	T51426
DE5N3K	T60182
D06LQH	T02551
D04JSE	T97413
D0UX4A	T37693
D0NY1R	T36075
D0BP7C	T67684
D04MLE	T87166
D02YNH	T83813
D0C4BI	T59604
D0N6KO	T72458
D04JPQ	T87166
D00WVI	T93788
D06SRX	T37693
D09DSK	T37693
D0N6FZ	T67162
D0B7AH	T86273
D0V0YM	T76685
D0D8DA	T18876
D00IQV	T47094
D08MLH	T25608
D0M2LD	T28893
D0A7GH	T96079
D0LJ7R	T89034
D0UV9F	T59604
D0SE9S	T52921
D09ZPN	T88185
D0A6IO	T36059
D0O9ZY	T99524
D0C5FN	T90782
D0F3XQ	T59679
D0FE7A	T59679
D0H5FY	T68782
D07OSA	T59679
D0Q0YS	T79591
D0Q0YS	T98933
D06TOI	T30687
D0Z7YK	T30687
D0V8YH	T97917
D0V8YH	T16336
D0SO9Q	T03818
D0K1TQ	T36557
D04DYM	T03818
D0XR8Q	T36557
D02ZML	T28330
D00TFA	T86591
D08ZYC	T51385
D08ZYC	T25608
D0B2MN	T06182
D0B2MN	T86364
D08EBT	T86679
D08EBT	T92072
D08EBT	T36059
D0NH6Q	T67818
D0E8TW	T16555
D0Q2OK	T90782
D0Q1HE	T93515
D0Y3WN	T93515
D03WBX	T90782
D0V9TZ	T16555
D09EGQ	T16555
D02NRP	T82083
D0J4MU	T90782
D06BYY	T78709
D0Q0LH	T97613
D07EOD	T97613
D06AUM	T97613
D0OC1W	T23499
D0D9YW	T11072
D0D9YW	T78709
D0D9YW	T32060
D0D9YW	T31204
D0RG8O	T77913
D0L0YF	T55956
D0B5ZA	T22285
D0B5ZA	T76414
D0B5ZA	T56588
D0B5ZA	T62276
D0B5ZA	T72595
D09UVB	T26500
D02OMP	T36059
D0VE9G	T00890
D0X5MA	T76198
D0X5MA	T75797
D0X5MA	T85467
D01YEN	T27137
D01YEN	T99347
D06PIW	T82083
D06KMJ	T36059
D06KMJ	T92072
D06KMJ	T86679
D08NQA	T36059
D0YB7F	T72458
D0YB7F	T95302
D0YB7F	T35842
D0YB7F	T76846
D05UGC	T75643
D02JCM	T92072
D02JCM	T86679
D02JCM	T36059
D0IF3N	T26500
D0Y4EW	T52921
D08ECP	T64765
D0A4XL	T26500
D0A4XL	T64765
D0D9YW	T07806
D0D9YW	T83813
D0XR9Z	T51408
D0L8DV	T85467
D01SNS	T97613
D0E5XM	T64765
D0E5EB	T64765
D04EDO	T26500
D0B4SF	T30985
D0B4SF	T26500
D0B4SF	T64765
D0U9IJ	T01777
D06YZB	T76678
D06YZB	T61227
D0P6KN	T90782
D0ZP2D	T32060
D0ZF1W	T32060
D07LYU	T82083
D07RTQ	T78205
D07RTQ	T92689
D02FCY	T02719
D0R8LB	T92640
D0R8LB	T95923
D0R8LB	T39380
D0W1HM	T78709
D01ZHW	T18616
D01ZHW	T72267
D0N9SV	T51385
D0Y4YV	T82702
D0NL5K	T93788
D0ZU0O	T13852
D05PHX	T42724
D0UL7R	T42724
D0B6FM	T01777
D0V4FZ	T22118
D0L3MJ	T22118
D0EK6P	T62820
D03SAM	T64765
D09AQK	T77548
D0P5QU	T85115
D0R5NA	T85115
D08ZJM	T97613
D06ZVB	T28213
D06ZVB	T80513
D02YIJ	T99954
D02YIJ	T85467
D02YIJ	T38529
D05OIF	T26500
D01NPA	T29683
D01NPA	T47094
D01NPA	T52790
D0S3XL	T99816
D03PEA	T92689
D06GKL	T72595
D06GKL	T56588
D02NZI	T59604
D0HQ0E	T60693
D0MU4A	T78709
D09XLT	T76198
D08DFY	T68782
D0R7OD	T16633
D0R7OD	T62974
D0R7OD	T53024
D0R7OD	T64830
D0R7OD	T13644
D03EGA	T14731
D01PGU	T58921
D02MMY	T09826
D00WOK	T82083
D0GC9B	T28330
D04LEF	T02728
D09RSL	T95605
D09RSL	T02728
D03VGR	T71192
D03VGR	T74238
D0T6SC	T26500
D0T6SC	T64765
D02MJE	T67684
D07CAB	T67684
D08XBQ	T67684
D05CEM	T62974
D07MBC	T86591
D07MBC	T87670
D07MBC	T93788
D0N6AY	T31204
D0NV5N	T47768
D0NV5N	T60693
D0NV5N	T58992
D00GTU	T76198
D00GTU	T85467
D05PDF	T55654
D0S8AN	T68876
D0U7BI	T51115
D01OIV	T51408
D0X2ZM	T87670
D0Z6DG	T95923
D0Z6DG	T92640
D01UVA	T03818
D08HBN	T23714
D0D2JB	T47094
D0D2JB	T29683
D01VSI	T39123
D06LQH	T46828
D06LQH	T22118
D08QKF	T03818
D06NAM	T72267
D06NAM	T87670
D09LVP	T76685
D01CNF	T78205
D00UZO	T87670
D08BCH	T86679
D08BCH	T92072
D08BCH	T36059
D0S2LO	T18876
D09AZM	T99954
D0SY2M	T59875
D0G7TT	T77548
D08CAB	T76414
D08CAB	T22285
D08CAB	T72595
D08CAB	T56588
D08CAB	T62276
D0D8CZ	T92689
D0I5TV	T67818
D0I6MA	T42724
D0I6MA	T86271
D0E0DY	T39380
D0MS3D	T61722
D0MS3D	T68782
D04SQY	T30687
D04SQY	T72168
D0M6OV	T62306
D0U7YK	T17523
D0U7YK	T13852
D07WRP	T53024
D0U3WW	T74456
D0YK9T	T36557
D0R2KL	T68782
D0BS7G	T37693
D02INF	T37693
D0L4PT	T03818
D01HRV	T78709
D0GH9J	T18616
D02HWL	T93788
D0K3GQ	T92640
D0K3GQ	T39380
D0K3GQ	T95923
D0H6DZ	T95923
D0T2GA	T85467
D06VZS	T38529
D06VZS	T85467
D06VZS	T18876
D0V5HV	T07806
D0V5HV	T83813
D0V5HV	T84117
D0V5HV	T78656
D0V5HV	T15571
D0V5HV	T11072
D0V5HV	T79062
D0V5HV	T16691
D0V5HV	T32060
D0V5HV	T31204
D01RNA	T13714
D01RNA	T51426
D01RNA	T52297
D02VGS	T05849
D05EOW	T80896
D04BLO	T97613
D0UI3L	T31204
D02UUO	T17523
D0S5DR	T60362
D0PB6B	T77913
D01HRV	T07806
D02EWR	T53024
D08QXD	T03818
D08QXD	T52297
D08QXD	T36557
D08QXD	T13714
D05JKQ	T13644
D0O2DN	T16633
D04QBM	T62974
D05PKR	T16633
D05PKR	T64830
D0WV5J	T68782
D0WV5J	T61722
D08CEW	T18876
D0PN6Z	T99402
D0PN6Z	T55956
D0PN6Z	T77548
D0PN6Z	T61243
D0OT9B	T22285
D0OT9B	T76414
D0OT9B	T62276
D0OT9B	T56588
D0OT9B	T72595
D0UG4S	T69091
D0Z7CZ	T77548
D0Z7CZ	T62820
D0Z7CZ	T02719
D0Z7CZ	T61243
D0Z7CZ	T27137
D0CW4T	T38529
D0CW4T	T85467
D0VR8J	T85467
D02IVR	T15497
D09ULA	T16691
D09ULA	T79062
D0MY0E	T73482
D0MY0E	T69485
D0N7HY	T83813
D0N7HY	T32060
D0N7HY	T31204
D01UFF	T22939
D04WXI	T77913
D04WXI	T30985
D0G4CG	T67684
D0MC5J	T06182
D0MC5J	T86364
D0MC5J	T92185
D04FHG	T87023
D04BYU	T56143
D0HI6O	T03818
D0V4WT	T52297
D0L9RP	T05849
D0M9GO	T60693
D06OBX	T03818
D07COX	T23714
D01THG	T28213
D0N0GJ	T31227
D0D3PZ	T07806
D0D3PZ	T78656
D0D3PZ	T11072
D0D3PZ	T79062
D09DXN	T00890
D0DA9T	T56272
D0J0KG	T16691
D0J0KG	T79062
D0FZ6A	T39380
D04KQT	T39380
D0Z7CZ	T99347
D0Z7CZ	T99402
D0Z7CZ	T55956
D0DE8K	T16691
D0Q9FZ	T03818
D07AHG	T34234
D06FZS	T56272
D07TMZ	T72032
D03ZNB	T72032
D0Z1OF	T32060
D0Z1OF	T78709
D0Z1OF	T79062
D0Z1OF	T67162
D00GSD	T79062
D00CDM	T67162
D00CDM	T02551
D0TC7N	T92072
D0TC7N	T86679
D0TC7N	T36059
D0V6IE	T80513
D0V6IE	T28213
D0T6ID	T67684
D0T5GV	T57943
D04DOV	T60362
D01CCG	T25608
D0S0QY	T25608
D0K6EG	T51385
D0C5RZ	T99524
D04JOG	T03818
D04JOG	T86591
D03BNO	T76198
D03PLH	T38529
D03PLH	T85467
D03PLH	T99954
D03PLH	T15497
D03PLH	T61722
D03PLH	T75797
D03PLH	T68782
D03PLH	T18876
D03PLH	T76198
D0U0VH	T78709
D0T9DI	T55654
D0C6YC	T55654
D0S0NB	T55654
D0M8VN	T86591
D0M8VN	T03818
D0EM9A	T58992
D0EM9A	T47768
D0G1XL	T58992
D08CBB	T00890
D06JPQ	T59875
D0H0OO	T60693
D0H0OO	T58992
D0H0OO	T47768
D0K6AF	T68876
D0J6UH	T65783
D03TSY	T79062
D0N7NK	T16691
D0T0AG	T86271
D0T0AG	T42724
D07YFL	T97613
D00GSD	T67162
D00GSD	T78709
D0X4PH	T32060
D0X4PH	T78709
D0X4PH	T67162
D0X4PH	T79062
D0X0UR	T13852
D0X0UR	T18616
D0X0UR	T95923
D0X0UR	T39380
D0X0UR	T13484
D0X0UR	T00488
D0X0UR	T26073
D0X0UR	T92640
D0X0UR	T58130
D0T6GM	T72032
D07PZQ	T55956
D07PZQ	T99402
D07PZQ	T61243
D07PZQ	T77548
D0XG6U	T61243
D0XG6U	T99402
D0XG6U	T55956
D0KL4K	T55956
D0KL4K	T99402
D0KL4K	T61243
D0EW6H	T71192
D0EW6H	T33902
D0EW6H	T74238
D03YBH	T71192
D03YBH	T33902
D03YBH	T74238
D0C0KJ	T33902
D0C0KJ	T71192
D0C0KJ	T74238
D01URS	T24983
D01URS	T02551
D06KBO	T68782
D06KBO	T18876
D06KBO	T61722
D06KBO	T75797
D06KBO	T15497
D06KBO	T85467
D06KBO	T38529
D0V4PZ	T61722
D0Y6OX	T68782
D0Y6OX	T61722
D0TM0N	T97613
D0K1HD	T97613
D08VPN	T90782
D07MIE	T33902
D07MIE	T16555
D0O8AN	T16555
D0HN2M	T52921
D0E3AL	T67162
D0L7ZD	T67162
D0Q2MX	T67162
D0X0PF	T98091
D09RGZ	T90782
D0G9IP	T86591
D0W9II	T02728
D0U9IB	T47094
D0U9IB	T29683
D0J2VQ	T62306
D0G7QT	T16691
D0CK9K	T11072
D0CK9K	T78709
D0CK9K	T79062
D0CK9K	T15571
D0CK9K	T84117
D06AUX	T87023
D0X6PY	T99954
D09TWW	T76198
D0D5SK	T58992
D0D5SK	T60693
D0T5EI	T60693
D0T5EI	T58992
D0T5EI	T47768
D06TSQ	T92072
D0R1FZ	T97917
D0R1FZ	T16336
D0R1FZ	T25705
D0T4PS	T78709
D0T4PS	T16691
D0Z7OX	T03818
D0Z7OX	T86591
D03PGV	T55654
D01ZCI	T28309
D01VKI	T47094
D05JXE	T13726
D0L8NF	T17523
D07ZAJ	T17721
D07ZAJ	T38012
D07ZAJ	T53186
D07ZAJ	T10383
D07ZAJ	T74570
D07ZAJ	T78692
D04UHT	T49072
D01HUN	T77913
D0AU0F	T77913
D0AU0F	T30985
D0Y9IB	T77913
D0UG1U	T77913
D02OAJ	T93515
D02OAJ	T82083
D0S4MN	T29678
D0S4MN	T39716
D09WBJ	T24983
D07XUM	T78709
D0M9ZX	T49072
D05TNX	T76198
D05TNX	T85467
D05TNX	T75797
D0M0YH	T97917
D0M0YH	T87831
D06DRY	T99402
D06XTT	T51115
D0L9ZQ	T15571
D0L9ZQ	T11072
D01APL	T11072
D01APL	T07806
D01APL	T84117
D02GEQ	T93788
D0M1UA	T93788
D0M1UA	T87670
D0M8IT	T73859
D0BN1U	T76198
D0BN1U	T18876
D0BN1U	T75797
D0BN1U	T15497
D0BN1U	T85467
D0BN1U	T38529
D07GXY	T02551
D07GXY	T78709
D07GXY	T67162
D0S6BX	T47768
D0B6MQ	T67894
D0W1ZW	T17523
D0W1ZW	T50089
D0PI4H	T11241
D06GFH	T50089
D0LL7N	T23714
D0A3YN	T23714
D06DYN	T50089
D06DYN	T11241
D06DYN	T17523
D06DYN	T13852
D0PL0Y	T67684
D07ZNP	T62841
D0Q1HN	T78205
D0K8VA	T34234
D0J6JT	T84117
D0J6JT	T83813
D0J6JT	T79062
D0J6JT	T16691
D0J6JT	T32060
D0J6JT	T31204
D02BOW	T67684
D03OCS	T62306
D03FQP	T62306
D06ZDF	T62306
D08LVH	T25608
D01BTF	T70539
D01BTF	T09572
D0A1GQ	T21038
D0W2TQ	T61243
D01BJB	T82702
D0JK0I	T51408
D0EN7T	T86591
D0Y8UF	T89534
D0P4GP	T93515
D0HI5B	T93788
D01VZL	T93788
D0K8DZ	T64765
D0Q8NO	T64765
D0MP8E	T26500
D0W6RV	T83813
D06SCS	T80896
D01OIK	T51408
D05RRZ	T28330
D0J4BF	T60182
D09LPG	T97613
D02VIZ	T97613
D0G8FF	T39380
D0E9AY	T51385
D0CT1F	T13726
D09BLB	T87023
D0WO3A	T67684
D0G3OY	T77913
D06JXH	T23714
D0YA7R	T77796
D06SDD	T62820
D08RQW	T99816
D00AII	T86591
D0WB8E	T97917
D0WB8E	T87831
D0C3HQ	T97917
D07BAH	T99524
D04SEX	T89534
D0E1EC	T99816
D09TNC	T05849
D08XGH	T03818
D08XGH	T86591
D0P0KG	T97917
D0P0KG	T16336
D0OF3B	T95605
D0Y2JI	T41580
D0Y2JI	T01777
D0DX8T	T59875
D0Z0KY	T87670
D0R1ZD	T87670
D0I8TR	T65783
D0W2FU	T49526
D0E3FR	T38012
D04PBD	T67162
D0S3XI	T88185
D07ZQB	T36059
D05GQK	T49526
D0RD0R	T94085
D07FTI	T49526
D0A0KP	T51408
D03DTZ	T20575
D00QTX	T68782
D00QTX	T15497
D09CUJ	T01777
D0S6SN	T97613
D0R1MM	T98091
D02JXQ	T59577
D04BOQ	T59577
D0K5QH	T59577
D0L7PI	T59577
D0H7NV	T59577
D0FB7S	T59577
D01USH	T43206
D0K0FI	T07806
D0K0FI	T11072
D0K0FI	T78709
D0YB0K	T67162
D0YB0K	T02551
D0K6TI	T86591
D0HH9N	T51426
D08NQW	T99347
D05SFA	T99954
D05SFA	T15497
D05SFA	T85467
D05SFA	T38529
D05SFA	T18876
D02SMK	T87670
D0Q9GU	T87670
D0G3TV	T87670
D0Y2JY	T97613
D0T2QL	T88185
D06QKW	T01777
D01BXE	T69506
D0O9ES	T15497
D0O9ES	T75797
D0O9ES	T85467
D01GPC	T93788
D02GRY	T00890
D03SAM	T26500
D0BB0O	T67818
D0BB0O	T46937
D08PJK	T79062
D08PJK	T16691
D08PJK	T15571
D08PJK	T11072
D0N8BJ	T11072
D0N8BJ	T84117
D0N8BJ	T79062
D0N8BJ	T31204
D0US4S	T68834
D03PYX	T02551
D0O3GF	T07806
D0O3GF	T11072
D0O3GF	T78709
D0SZ4T	T63465
D07VBS	T24983
D07OAF	T01777
D0I4DJ	T97613
D0PM5R	T86679
D0PM5R	T36059
D03WPE	T86679
D0S3UM	T72267
D0S3UM	T87670
D0O9ES	T76198
D0O9ES	T68782
D07TVE	T88185
D0VA7C	T93788
D06KHW	T93788
D09JXR	T28213
D0I0LW	T04210
D0T2KY	T00890
D0G1UE	T96235
D0G1UE	T33584
D0G1UE	T42392
D0R1XY	T92072
D09RRF	T61657
D05QYR	T61657
D0R8GW	T49072
D0C6QI	T52297
D0C6QI	T13714
D0A1MW	T29678
D0A1MW	T39716
D0W3PY	T55956
D0W3PY	T99402
D0W3PY	T77548
D00EOP	T86591
D00EOP	T03818
D05NWF	T35664
D05NWF	T67818
D05NWF	T90782
D05NWF	T46937
D0E9LJ	T78205
D05KEE	T50089
D05KEE	T11241
D05KEE	T17523
D0H4UN	T88531
D0M9DD	T83382
D06WXN	T88185
D0X3NW	T93788
D0D6OH	T37693
D0D6OH	T87670
D0D6OH	T76685
D0Y3DW	T79961
D02WJT	T45674
D05YNT	T58992
D05KEE	T13852
D0O2WX	T99954
D09DAP	T87831
D01VLV	T87831
D0Q8TJ	T87831
D0MU1V	T97917
D07FLX	T76198
D08TWT	T76198
D02OAI	T94085
D01IJD	T38529
D0A6NQ	T82146
D0L4IV	T75797
D09HJL	T83813
D09HJL	T31204
D09HJL	T32060
D05VOG	T75797
D01VIX	T51385
D0UH9E	T25608
D0B6WH	T11072
D0B6WH	T07806
D0R4RN	T79961
D01STE	T18616
D0X0OP	T95923
D0X0OP	T92640
D0Q5SV	T16555
D0D5OY	T95923
D09KQZ	T63393
D0C5SV	T25608
D0C5SV	T51385
D09OYA	T84117
D09OYA	T78656
D0V6KN	T88531
D01EOQ	T87831
D01EOQ	T97917
D0A1SP	T03818
D03TNT	T30687
D00FHZ	T78709
D0K3UL	T24983
D09SCS	T87670
D02HHW	T36059
D02HHW	T92072
D0Y6FA	T18876
D01KPN	T86591
D0T8JM	T03818
D0K8VR	T76685
D0K8VR	T37693
D04PFN	T68876
D07HQZ	T79062
D09OYA	T59679
D09OYA	T83813
D09OYA	T31204
D09OYA	T16691
D09OYA	T32060
D09OYA	T11072
D0Q7BG	T25608
D0SG6A	T01777
D00PQC	T82083
D03NXZ	T86679
D06NRX	T86679
D07PHS	T56923
D07PHS	T96079
D05SYL	T13852
D00ZXX	T13852
D00DIF	T86271
D0SY2M	T72841
D07HQZ	T31204
D07HQZ	T16691
D07HQZ	T83813
D0LK5P	T74238
D0C0KJ	T63393
D0N9UZ	T02719
D01ETZ	T46521
D06VZE	T46521
D0I5CT	T30985
D00CDF	T46521
D0D9AS	T74456
D0D9AS	T09909
D00QYH	T65783
D0A8EK	T86679
D0R5QF	T93788
D03QFD	T91894
D00VCW	T76685
D02HDI	T76685
D02HDI	T72267
D0I9LU	T67684
D04ZMM	T84439
D0K8ZZ	T36059
D0K8ZZ	T86679
D0E1PL	T78709
D08SLS	T30985
D00GTC	T93788
D0X9YS	T79062
D0KI5P	T33902
D00DPX	T33902
D07ZGV	T33902
D0Z2TV	T33902
D0J4RI	T33902
D07PSF	T97917
D05PYO	T97917
D0H1EB	T97917
D01URR	T93788
D0J0NS	T05849
D04ULI	T75797
D06DUE	T27137
D0S3WN	T35664
D0S3WN	T67818
D0S3WN	T92689
D03BRM	T17523
D03BRM	T13852
D03BRM	T50089
D03BRM	T47888
D03BRM	T11241
D02VJX	T91894
D03YUL	T52297
D03YUL	T13714
D07TAL	T93788
D05VGC	T88185
D0K2EX	T09909
D01OIJ	T30219
D00TYX	T11072
D00TYX	T07806
D0V3OY	T60693
D06BXT	T76685
D06BXT	T37693
D0Q4EU	T03818
D0G9WE	T29678
D0G9WE	T39716
D0Z4HK	T05849
D09ROS	T93788
D02RIH	T24793
D02RIH	T51115
D0H3MO	T31204
D07HTM	T51408
D0G8TM	T88185
D09IEO	T23714
D0Q9IU	T62306
D00FUT	T23714
D0Y4HL	T66237
D0Y4HL	T79232
D0Y4HL	T84486
D0GW6V	T23714
D0BS2Q	T84486
D0BS2Q	T79232
D02YBV	T59881
D02YBV	T79232
D02YBV	T66237
D0Q9SC	T76198
D0G5MT	T85467
D0G5MT	T18876
D0G5MT	T38529
D01WXZ	T18876
D0F7XM	T30563
D0SM3V	T30563
D0Y2XY	T30563
D0Z5QA	T80858
D0Z5QA	T30563
D00GHK	T61722
D0X4NG	T61722
D03OYD	T75797
D01HCL	T18876
D06AVM	T62974
D0R4GX	T88185
D08EXR	T46828
D0S9YX	T72841
D0S9YX	T59875
D02RQP	T80896
D0M3LK	T82146
D09RNF	T61657
D07YTL	T94085
D0U1SF	T99954
D01BWV	T13644
D05JMJ	T13644
D0X2NO	T22118
D0X2NO	T46828
D08TAN	T76414
D08TAN	T62276
D08TAN	T22285
D0U7BH	T31204
D04DKM	T55956
D04DKM	T61243
D04DKM	T27137
D04DKM	T77548
D04DKM	T99347
D04DKM	T02719
D04DKM	T62820
D0M8DU	T82083
D0CS4I	T61722
D0A0UL	T61722
D03ZPH	T61722
D01RQK	T61722
D01RQK	T68782
D0X2MQ	T15497
D0X2MQ	T38529
D0X2MQ	T85467
D05MXO	T18876
D05MXO	T38529
D0N0NJ	T55956
D05NKX	T90818
D05NKX	T79780
D07FPQ	T28213
D07FPQ	T80513
D03TDN	T07806
D03TDN	T11072
D03TDN	T16691
D03TDN	T78709
D03TDN	T79062
D07UXB	T18876
D02XKE	T93788
D03PVV	T93788
D02QOD	T99816
D08TBF	T97613
D05GYG	T92828
D04TVG	T78656
D04TVG	T84117
D04TVG	T83813
D04TVG	T07806
D04TVG	T31204
D04TVG	T16691
D04TVG	T32060
D04TVG	T78709
D04TVG	T11072
D0Q0PN	T88185
D06QYM	T93788
D0S4FV	T93788
D0M3CG	T86679
D0V9OO	T92072
D0V9OO	T36059
D0V9OO	T86679
D0FW8K	T22285
D0FW8K	T56588
D0FW8K	T62276
D0FW8K	T76414
D0FW8K	T72595
D0OH2P	T99347
D0LC5O	T99402
D0LC5O	T55956
D0LC5O	T77548
D0U5YT	T99347
D0U5YT	T27137
D0S6DK	T62820
D05UBB	T80513
D05UBB	T28213
D0B8SS	T93788
D0XY3G	T77913
D0G6AQ	T77913
D0G6AQ	T26500
D0T7AR	T77913
D0A6IQ	T77913
D0BK8V	T67818
D08WOV	T97613
D0I4FF	T30563
D0K4GK	T13714
D0K4GK	T52297
D0K4GK	T51426
D0Q2RP	T13714
D0Q2RP	T52297
D08URT	T13714
D08URT	T52297
D06OVX	T25307
D06OVX	T59577
D0H2YM	T59577
D0H2YM	T52297
D0H2YM	T13714
D01ZZJ	T82083
D0SP2J	T79062
D06RNM	T30985
D08MNO	T99954
D08MNO	T38529
D08MNO	T85467
D08MNO	T76198
D08MNO	T18876
D08MNO	T68782
D0R9CC	T68782
D00ZCU	T83813
D00ZCU	T31204
D00ZCU	T32060
D06HDW	T69091
D09LXQ	T96235
D09LXQ	T33584
D09LXQ	T62391
D09LXQ	T42392
D0Q8BS	T64765
D0Q8BS	T26500
D0LX6R	T93788
D0E9QX	T86679
D0E9QX	T92072
D0E9QX	T36059
D0P6IV	T07806
D00HCI	T08133
D0C2DN	T87670
D08JYT	T87670
D0C2UJ	T86679
D0C2UJ	T92072
D0C2UJ	T36059
D0U4ZV	T67818
D0E1UA	T98091
D0T4BP	T98091
D0Q3QI	T00890
D0H6YF	T97613
D02EHY	T34234
D0H9EY	T36059
D0BB0O	T35664
D0U1OJ	T92689
D0U1OJ	T90782
D0U1OJ	T67818
D0U1OJ	T35664
D03OGA	T97613
D06HDW	T92689
D05CYD	T09572
D0YO2D	T78205
D06DEL	T34234
D0U5LL	T76685
D0W7RI	T76198
D0W7RI	T18876
D0W7RI	T68782
D0W7RI	T15497
D0W7RI	T99954
D0W7RI	T75797
D0W7RI	T38529
D0W7RI	T85467
D0Y6LS	T76198
D08KZJ	T61722
D0S0DT	T30563
D04ZIP	T55654
D07MFG	T97613
D05OUQ	T28330
D05OUQ	T05849
D0XM1U	T93788
D02KIM	T93788
D0D4TY	T67818
D08HOK	T93788
D0AT5L	T36059
D0U6NZ	T36059
D05LWE	T76198
D04UJZ	T09909
D0Q3WV	T97613
D07LJH	T32060
D07LJH	T31204
D07LJH	T83813
D0H8KI	T27944
D0H6KD	T07806
D0H6KD	T11072
D09DKC	T01777
D09DKC	T29500
D0K6MI	T51408
D0T1BU	T92828
D00CRA	T07806
D00CRA	T78656
D00CRA	T84117
D00CRA	T11072
D00CRA	T16691
D00CRA	T31204
D0TC5E	T26500
D0V4RP	T79062
D03WIK	T87023
D05FOV	T93788
D0R2VH	T92640
D0R2VH	T95923
D0R2VH	T39380
D0R2VH	T56143
D0A8PD	T87023
D0B2NE	T36059
D0BT1A	T77913
D07TSE	T16555
D04IWB	T93515
D0E7LU	T99347
D0E7LU	T27137
D0W1OR	T56272
D03GHN	T98091
D0T2CG	T98091
D00FTQ	T00890
D0HR1V	T99524
D0I8AF	T28330
D0I8AF	T05849
D03ZEL	T13726
D0F8CC	T82146
D0F8CC	T61657
D0F8CC	T94085
D0I2EL	T93788
D0BW9V	T79062
D0BW9V	T78656
D0BW9V	T15571
D09HWZ	T97613
D0P1US	T03818
D01YDR	T97613
D06RBG	T82702
D06RBG	T34234
D0T4WF	T90782
D02EBQ	T88185
D0K3LQ	T00890
D02SQF	T26500
D0GF4I	T93515
D0C3EX	T07806
D0FI7B	T82702
D03RHW	T78656
D03RHW	T84117
D0P7RI	T93515
D0P7RI	T90782
D0G8XJ	T92072
D02UWB	T83813
D02UWB	T07806
D0P3WF	T53024
D0P3WF	T62974
D0P3WF	T16633
D0P3WF	T13644
D0P3WF	T64830
D02UHS	T86679
D0R6PF	T93788
D08WNN	T35664
D00PAG	T67818
D01WVV	T59604
D02VPW	T51408
D02UWB	T84117
D02UWB	T78656
D02UWB	T15571
D02UWB	T11072
D02UWB	T79062
D02UWB	T32060
D02UWB	T78709
D02UWB	T16691
D02UWB	T31204
D05DAG	T84117
D08SGV	T97613
D0RF4L	T97613
D0ET2F	T88185
D0J7LY	T00890
D0JH4U	T68834
D0Z6SY	T68834
D05LJD	T68834
D0XL8C	T68834
D07CJR	T68834
D0Q2LG	T68834
D0B8PD	T97613
D0Z3WA	T11211
D09HQH	T11211
D0B7GU	T47768
D0B7GU	T60693
D0B7GU	T62912
D0B7GU	T58992
D0I4ME	T32060
D0R7ZC	T11448
D0R7ZC	T53381
D0R7ZC	T92609
D00HIG	T47768
D00HIG	T60693
D00HIG	T58992
D04EZN	T58992
D04EZN	T47768
D0N5QC	T47768
D0ZH3G	T58992
D0ZH3G	T60693
D0ZH3G	T47768
D0T8OD	T26500
D0MW7H	T46185
D0MW7H	T20709
D08CTL	T46185
D08CTL	T20709
D0IB8N	T62193
D0A8NB	T07806
D0L1XR	T46185
D08JOS	T52522
D06YMS	T58992
D0Y1WV	T62820
D0Q5SL	T84117
D0S2BB	T84117
D0O3NG	T30985
D0D4ZL	T00895
D09AAZ	T20709
D09AAZ	T46185
D0OM9G	T64765
D09WQL	T64765
D05RGW	T64765
D04JCK	T58992
D04JCK	T47768
D0Y5QR	T77913
D06RRD	T86591
D0W6PP	T78581
D0E4JL	T67162
D0P0PP	T87166
D0ZZ9M	T28893
D0O2US	T58921
D0F4BX	T76685
D0E4YP	T58992
D06VDN	T83813
D0A9PS	T76685
D02RAN	T64765
D02RAN	T26500
D09JDH	T47094
D0Y7CI	T58992
D0N8LP	T58992
D05CRG	T53024
D02BPI	T69506
D0O7PT	T20331
D06EES	T58992
D04YNW	T60693
D07GMY	T60693
D0O9TT	T78656
D0H8ID	T58992
D07KMN	T51408
D0J1PJ	T60693
D01KWU	T67162
D0A9ED	T44068
D0A9ED	T51408
D03BZW	T51408
D05QTJ	T11448
D05QTJ	T01777
D0H4BJ	T79961
D04FBZ	T60693
D08ECP	T26500
DFBJ28	T23666
D02ONK	T67162
D0N1EF	T58921
D02RUO	T38529
D0T1SF	T11072
D0G2VT	T59604
D08ZIH	T02728
D0R5GS	T78709
D0U5EY	T83813
D03GLM	T51408
D0Q2PF	T78709
D0F6AB	T52522
D0R1DP	T78709
D00YGA	T58921
D0PN9E	T59679
D02KAF	T64765
D0G1RT	T11072
D0Q7TH	T11072
D04JQR	T27137
D0O7DB	T92609
D0LB4T	T03818
D0N0LB	T86271
D0PE1A	T47768
D0XH1H	T47768
D0F6XR	T32060
D05HKB	T79961
D0J8UV	T28893
D0V4FK	T51408
D02FNU	T78709
D04DZE	T51408
D09TXO	T97917
D09TXO	T25705
D07IZG	T00254
D0HE1P	T92072
D0HE1P	T86679
D0HE1P	T36059
D03GWY	T58921
D09IJP	T28330
D02PSZ	T28330
D01WVJ	T58992
D00MIX	T51408
D08GNX	T28330
D0MT5C	T51408
D0WS1V	T51408
D06DPS	T28330
D06DPS	T05849
D0N0IQ	T72458
D0I5VA	T36059
D06PXT	T36059
D00GES	T76685
D40DVS	T00254
DW18LK	T00254
D95KWS	T12108
DE7BZ4	T25307
D8VH5Q	T25307
D4PG6A	T25307
DW5R6Y	T25307
D9D6QN	T25307
DRN30U	T25608
DDV09U	T25608
DNL2F1	T28309
DZ28EB	T43206
D9D6QN	T43206
DNZ96J	T51426
DNZ96J	T86273
D0LR1M	T59604
D0IE4H	T28893
D08HIH	T80896
D0T3EV	T28330
D0Q3ES	T93788
D0P9KL	T39123
D04TJP	T16156
D0YO4D	T94085
D08XWZ	T11072
D08ZBT	T92072
D0S2WC	T78709
D0B0EB	T58921
D0BN4Y	T78709
D0B0EB	T86591
D0T8KF	T78709
D04DGE	T83813
D0AV0O	T66237
D0D1VJ	T28893
D0JN3M	T28893
D0O9EM	T78709
D03RYS	T66237
D0U7VZ	T59679
D0V5DX	T92072
D0G5ZL	T78709
D00ACC	T52921
D0A8IE	T32060
D0A8IE	T67162
D0A8IE	T79961
D07MVE	T28893
D0IW4R	T47768
D03ACT	T37693
D0E3XG	T74456
D0RF9T	T34234
D0Z3UP	T53381
D03SWH	T11072
D0N8NC	T67162
D09UFV	T40016
D0G5TU	T78709
D0AQ3H	T52522
D0S5FQ	T83813
D03LFR	T51426
D01FUB	T27137
D03STA	T28893
D02KMG	T52522
D0F6CT	T28330
D0G0IZ	T23714
D0U5CS	T02719
D0O4XW	T18876
D0O7XO	T02333
D06ODM	T28893
D0N8MQ	T52522
D0S6KX	T58921
D0S6KX	T36557
D0S6KX	T86591
D0R3EL	T14731
D04MOF	T52522
D0BQ8M	T22118
D03TNA	T24983
D09UGP	T72841
D0GP4R	T52522
D0N5JJ	T22118
D01QKR	T78709
D09XVQ	T72458
D0O0AH	T47768
D0W9ZY	T28330
D01SJC	T47768
D0N7SG	T60693
D0SU1F	T11072
D08LZI	T86591
D0N1HL	T47768
D06SBK	T34234
D0R5QQ	T86591
D0B8JQ	T86591
D08HGY	T59679
D0I4GI	T34234
D0Q8UU	T86591
D0U5CS	T62820
D00ECO	T73724
D09ZQX	T59679
D01JGG	T58921
D01JGG	T86591
D01JGG	T36557
D09OHP	T86591
D09OHP	T58921
D09OHP	T36557
D0G1YN	T58992
D0G1YN	T47768
D0X2TO	T78709
D02VZP	T78709
D0P4BQ	T62820
D0P4BQ	T02719
D0B9EN	T86591
D00YSJ	T92072
D01BPF	T11072
D0Y0RW	T11072
D0Z7FU	T82083
D0Z7FU	T92689
D0Z7FU	T90782
D0Y0RW	T07806
D02ALD	T67162
D0P3DM	T67162
D0Y8UB	T97613
D0YZ8I	T37693
D08QWQ	T75797
D00HTY	T75797
D00HTY	T61722
D00HTY	T76198
D00HTY	T15497
D00HTY	T85467
D00HTY	T38529
D00HTY	T18876
D00HTY	T68782
D0M9RQ	T64765
D0J6XC	T79591
D0J6XC	T98933
D03TDW	T28893
D00CLM	T16156
D00CGH	T34234
D0T5FU	T62306
D05ONA	T47768
D0T3DO	T94085
D0K2PS	T67162
D03QKW	T51408
D0RN6V	T60693
D02YKI	T59679
D01QXY	T28893
D0G1YO	T47768
D08WBJ	T62306
D0Z6WI	T02333
D0O1LU	T02333
D05VNP	T11211
D06TWE	T58921
D0KE4Z	T46937
D0R9KG	T32060
D08EEU	T58921
D00ZGF	T59679
D0O9XN	T93788
D0Q8WG	T37693
D0B4CD	T13852
D0FP0D	T28893
D0S7UQ	T06182
D0U7OS	T61622
D01YIF	T57943
D05EPU	T51408
D0Z9RJ	T92072
D0OW9L	T64765
D0C7WO	T78709
D0D7CH	T25307
D0L8HB	T46482
D0L8HB	T48703
D0M9RI	T59679
D0QX9K	T65783
D03NHS	T67710
D00AYW	T87166
D92KUQ	T25307
DMDS20	T25608
DU2G0C	T46482
D7LQJ8	T51426
DT4WU3	T89534
D0WM5O	T65236
D08FHZ	T77365
D05KBP	T92072
D07MME	T72841
D0T1FC	T46482
D0MO0J	T44919
D0E8IZ	T11072
D0O4NR	T59626
D03FLT	T51408
D0U0KR	T36059
D0H5BC	T22939
D06UKG	T51408
D0I2RB	T13852
D0Q7NB	T37693
D09ALE	T60693
D03MYO	T98933
D07QHF	T93788
D01OXH	T66237
D0I5IM	T86591
D0U7HL	T51408
D06MNF	T67162
D0O8BS	T87166
D0J6KZ	T37693
D0G6EI	T38529
D0VU2M	T52522
D0XH0K	T62306
D07WYI	T92828
D0XE0X	T67162
D0C5VQ	T03346
D0G0RT	T52522
D03QWO	T77365
D05AAD	T46482
D0D8FN	T97613
D07QAK	T28893
D0A5EF	T51408
D07QQP	T93515
D09UMP	T78709
D06MIQ	T77365
D0E6ME	T58921
D01BVI	T01777
D0L5WA	T28893
D0L1KX	T60693
D0S3YN	T79232
D0W9NO	T86679
D0L6LD	T52522
D03YAS	T18876
D04YAJ	T92072
D00PJJ	T58921
D0R8IE	T34234
D08FKH	T12475
D07LWT	T84486
D03LQC	T52522
D0OP8W	T78709
D0Y5ZT	T13852
D08FSD	T52921
D04EIF	T46482
D04DQZ	T58992
D0U1NA	T01777
D0Y3LL	T38529
D05ZDJ	T15556
D09TGC	T88185
D06HCF	T59679
D04ODO	T88185
D04XCO	T46482
D0D5VJ	T77365
D01HBG	T60693
D02ORS	T59679
D0E1WH	T87166
D0R2SK	T80896
D06GNF	T68782
D07LZH	T80896
D0U7WF	T85467
D0U7WF	T38529
D0U7WF	T18876
D0R1YL	T28893
D0V9IE	T51408
D07WHS	T51408
D05ZWG	T29683
D00HTO	T51426
D0F6TD	T78709
D04GMY	T59679
D05NZV	T44068
D0E6AH	T00895
D0V5WL	T58992
D0W9ZT	T58992
D0N9VZ	T58992
D0C6MS	T87166
D0UO4B	T59604
D01HXA	T80896
D0D1FC	T51408
D00BWF	T01777
D0I3YX	T92072
D0J1AV	T52522
D0YF4I	T52522
D0C8PE	T67162
D00CVJ	T78709
D00CVJ	T11072
D00CVJ	T97613
D05EUR	T51426
D0N5CW	T02719
D0V6OZ	T21689
D0BF4Z	T25307
D0T7YE	T25307
D0F6YM	T30687
D0I4PW	T37693
D0N5CW	T62820
D0F5AR	T65197
D0JB3H	T88505
D0UD1Y	T88714
D08VIS	T92144
D0M4TJ	T99954
DT56YX	T25608
DDI6B0	T32060
D5XV9K	T36075
D53QMP	T37693
DOV7J4	T48703
DW9ML8	T51426
DBU2W3	T51426
D2L8NT	T53024
D2L8NT	T67162
DDI6B0	T83813
D0W9VW	T59604
D06ZXH	T60693
D00GZW	T51408
D0X7VB	T58921
D00SOZ	T38529
D0H8OH	T82146
D01XPY	T72032
D0L9KH	T13852
D05OZQ	T36075
D04ZKY	T78709
D04ZKY	T99524
D08TJM	T77365
D01IUS	T40016
D0D7UD	T15497
D0DY7W	T28893
D0Q5AT	T52522
D07YVK	T67162
D0A1AQ	T58921
D0Q6IW	T58921
D0B6RA	T02719
D0G6ZG	T17758
D07TQN	T60693
D0S6AE	T93515
D0T6TW	T52522
D08PFA	T58921
D0K2ID	T47768
D02HUB	T22939
D0MH8O	T91894
D0C2OR	T07173
D0B1EQ	T36075
D0Y6ZK	T36059
D0CO3N	T99954
D07GJZ	T67162
D01UXW	T47768
D0YS2W	T52522
D0K8NR	T72458
D0QG9A	T77365
D01TEA	T91894
D0K3OK	T60693
D0B4RU	T72841
D04DJN	T46521
D4Q5AW	T99954
D04BCB	T86591
D04BCB	T58921
D0X9PF	T35842
D0X9PF	T72458
D01UUD	T64765
D01NQM	T78656
D06FOU	T82146
D0DH5X	T51408
D04QIE	T86591
D07EDB	T13852
D0YP7B	T72458
D0Y4SI	T13852
D0O5TQ	T05849
D0J5DC	T28692
D07ZTO	T79961
D0T5OX	T47768
D08FJL	T84486
D07XGR	T86591
D03OFF	T58921
D05ZTH	T38529
D09CZA	T75797
D06CTE	T46482
D06YFA	T67162
D03SKD	T58992
D0H7KF	T67162
D0IT2G	T40016
D0N4OW	T66237
D0U5FF	T18950
D0V4QS	T67162
D00BCG	T18950
D0U2OO	T78709
D03GCJ	T44068
D04PHC	T44068
D06AWE	T47768
D0Q4CS	T67684
D0H3HM	T67162
D0V3ZA	T67162
D0R1JV	T67162
D0D7LA	T08922
D0P1FO	T76685
D05VIX	T28692
D0N1TP	T34234
D0T7OW	T67162
D03DIG	T58992
D0X9RG	T58992
D0H3MG	T79232
D0Z6UC	T11072
D0S9MU	T11072
D0BD8D	T59679
D0O6IU	T67162
D04EYC	T67162
D0BA6T	T67162
D0C1IW	T67162
D0LG8E	T67162
D0J7RK	T44068
D0M8RC	T52522
D04KJO	T52522
D0K5CB	T52522
D0SS4P	T52522
D07XYV	T52522
D04EGX	T67162
D04AAN	T67162
D0R6BI	T22118
D0X7KB	T67162
D03YGR	T92076
D07BSQ	T22939
D0NA8U	T40016
D07YDE	T59328
D0FG6M	T52522
D0Y7JU	T40016
D09OQV	T67162
D06XMU	T11211
D0SP3D	T67162
D08QMX	T89534
D0I4DQ	T38529
D0P6UB	T67162
D0IN7I	T67162
D00XWD	T59679
D0C4AM	T36075
D0E9TP	T73476
D0G3SH	T37046
D0T3KI	T07806
D0N0ES	T88185
D0G1OZ	T67162
D00YWP	T11211
D0L2LS	T11211
D0U3GL	T11211
D0D1DI	T52522
D0Z1WA	T52522
D0X5NX	T52522
D04XEG	T52522
D0L5YV	T52522
D0Y9TS	T05849
D0Y2NE	T89534
D0J1ML	T89534
D09ZQN	T89534
D06NXY	T89534
D0Z1FX	T89534
D00ZFP	T89534
D0OL6O	T42822
D0IL7L	T40016
D03HYX	T40016
D0CW1P	T40016
D0FM2P	T40016
D08WYM	T12475
D04ODH	T12475
D0K5ER	T58921
D0R7JT	T72168
D06HLY	T79961
D0G5QB	T47768
D0X6HD	T47768
D0J2TN	T47768
D0GR0T	T47768
D05PIZ	T47768
D00WCX	T86591
D04URO	T89034
D0F1UL	T22939
D09QZI	T22939
D0I2SD	T22939
D0GL7U	T22939
D0V0IX	T99954
D01WUA	T99954
D0C6NM	T75797
D00PEH	T16156
D08OKJ	T49493
D0Y3TM	T49493
D06XZW	T58921
D0P0SM	T11072
D03DJL	T52522
D0EJ6O	T86591
D0WD8M	T11448
D04USC	T77913
D03GOI	T36075
D01JMC	T83813
D0O6IZ	T67162
D0W9ZF	T67162
D04ASH	T12475
D08VSI	T16156
D0W1DI	T16156
D05LQX	T75797
D0H6QU	T67162
D0N6YV	T89534
D0BV3J	T59604
D01ZOG	T38161
D0T2PL	T34234
D07ILQ	T93788
D07ILQ	T87670
D0U7SH	T59881
D0U7SH	T66237
D0U7SH	T84486
D0U7SH	T79232
D01UFN	T34234
D0G3PI	T60077
D0G3PI	T13726
D0G3PI	T61657
D0G3PI	T46456
D0I1LH	T72168
D0M3FJ	T79232
D0M3FJ	T59881
D0M3FJ	T66237
D07ILQ	T37693
D04QSJ	T59679
D02DGU	T82146
D08VRX	T59604
D0O2YE	T59679
D0I8FI	T44068
D09GFL	T51408
D0K8IX	T58921
D0K0VO	T78709
D03YVO	T72458
D02ULU	T36075
D0N2SR	T99954
D0H2JP	T47768
D0J5RN	T53381
D0Q5MQ	T48268
D0Q5MQ	T97613
D0TD1R	T16156
D0K0MW	T11448
D03PJU	T58992
D03PJU	T60693
D03PJU	T47768
D03XIS	T92076
D06FEF	T60693
D0S2BV	T58921
D09FYQ	T28893
D04VPV	T44861
D0PI8W	T72458
D0Y7XC	T67162
D0Y1PG	T51408
D0K5KL	T58992
D0PZ9R	T28893
D06PZN	T59679
D0E6YT	T37693
D0LN9D	T76685
D0X5ZS	T76685
D0TH6M	T51426
D07ULI	T37693
D0E0MH	T51426
D0W9PY	T76685
D0OR4G	T32060
D03IMJ	T51426
D0J4CL	T51426
D0F2OO	T51426
D03DZQ	T51426
D0WC8M	T32060
D0W9PY	T37693
D0LN9D	T37693
D0X5ZS	T37693
D0M9LM	T78709
D0T7HK	T78709
D0A4LL	T51426
D0F9TY	T78709
D05QJY	T51426
D0Y3NZ	T51426
D00SZR	T34234
D01GTU	T88505
D01PKZ	T88505
D02FAA	T94085
D02SPI	T88505
D03YWY	T37693
D04ILM	T88505
D04QBY	T51426
D07EDS	T51426
D08MYA	T51426
D08XES	T37693
D09FOM	T51426
D09FZF	T88505
D09YFJ	T82146
D0AJ2T	T88505
D0AW3F	T94085
D0C1PB	T88505
D0E2AD	T61657
D0EO3S	T88505
D0F5MF	T51426
D0FH6P	T88505
D0FK0Y	T83813
D0FM3Q	T88505
D0G3KY	T58921
D0G4EK	T88505
D0GQ8W	T37693
D0GQ8W	T76685
D0K3UO	T51426
D0L1JQ	T88505
D0M5EC	T61657
D0MC3J	T82146
D0MQ3X	T88505
D0MX0Q	T88505
D0N9GH	T88505
D0OM2M	T51426
D0Q9QQ	T88505
D0R8GK	T51426
D0RM4V	T88505
D0SA1N	T88505
D0T0YA	T92072
D0T9OL	T37693
D0TF0T	T58921
D0U9TR	T88505
D0UK7K	T34234
D0UW8Q	T51426
D0W8JK	T82146
D0WA9U	T51426
D0WN1Y	T88505
D0XG7K	T37693
D0YP0T	T82146
D0ZG3D	T51426
D0ZQ0X	T82146
D01XIW	T51426
D02RCY	T51426
D0FC0B	T51426
D0N4PL	T51426
D0YK9Q	T51426
D0UW5J	T76685
